accession,genus,subgenus,keywords
NC_022103,Alphacoronavirus,Colacovirus,RefSeq.
NC_018871,Alphacoronavirus,Decacovirus,RefSeq.
NC_032730,Alphacoronavirus,Luchacovirus,RefSeq.
NC_023760,Alphacoronavirus,Minacovirus,RefSeq.
NC_010437,Alphacoronavirus,Minunacovirus,RefSeq.
NC_028811,Alphacoronavirus,Myotacovirus,RefSeq.
NC_028833,Alphacoronavirus,Nyctacovirus,RefSeq.
NC_003436,Alphacoronavirus,Pedacovirus,RefSeq.
NC_009988,Alphacoronavirus,Rhinacovirus,RefSeq.
NC_005831,Alphacoronavirus,Setracovirus,RefSeq.
NC_002306,Alphacoronavirus,Tegacovirus,RefSeq.
NC_028752,Alphacoronavirus,Duvinacovirus,RefSeq.
NC_035191,Alphacoronavirus,,RefSeq.
AC_000192,Betacoronavirus,Embecovirus,RefSeq.
NC_025217,Betacoronavirus,Hibecovirus,RefSeq.
NC_009019,Betacoronavirus,Merbecovirus,RefSeq.
NC_009021,Betacoronavirus,Nobecovirus,RefSeq.
NC_014470,Betacoronavirus,Sarbecovirus,RefSeq.
NC_011547,Deltacoronavirus,Buldecovirus,RefSeq.
NC_016994,Deltacoronavirus,Herdecovirus,RefSeq.
NC_016995,Deltacoronavirus,Andecovirus,RefSeq.
NC_010646,Gammacoronavirus,Cegacovirus,RefSeq.
NC_001451,Gammacoronavirus,Igacovirus,RefSeq.
NC_034440,,Coronavirinae,RefSeq.
